text;ad
Byggutfart;0
återsamlingsplats;0
olofgatan;0
göteborgs universitet;0
olof wijksgatan 6;0
Korsvägen;0
Östra sjukhuset;0
kallebäck;0
lisebergslinjen;0
Jobba hos göteborgs stad i sommar;1
sök nu;1
Göteborgs stad;0
Släpp butiken;2
Lyko;2
Mathem;2
Kortedala;0
angered;0
lindholmen;0
centrum;0
heden;0
Hairmergency? Fuktakuten är redo;2
Svenska mässan;0
Saltholmen;0
Järntorget;0
johanneberg;0
götaplatsen;0
final 2026;2
Gothia towers' bistro & wine bar;2
welcome to the hotel lobby;2
musikalen Så som i himmelen;2
Höstens stora musikalupplevelse! Premiär 17 september;2
4 tim;0
2 platser;0
Espresso house;2
Alltid öppet;2
Halebop Köp Galaxy s26 Ultra;2
It starts here. Stena recyceling;2
vi vårdar det vi älskar. Som den här byggnaden;2
Wallenstam;2
Förhyrda platser;0
utfart;0
Att handla billigt behöver inte vara en stor affär;2
Du ska inte behöva åka långt för att handla billigt;2
rökning förbjuden;0
Barn och cancer hör inte ihop.;1
utanför markerad plats;0
Nyhet! Järn som känns rätt i magen;2
skonsam för magen;2
Helt veganskt;2
lätt att svälja;2
sök sommarjobb och slå på ditt work mode.;1
fiskolja som inte smakar fisk;2
vitaminer barn vill ta;2
monkids;2
Pantbanken Olskroken norra gubberog 32;2
allt finns här;2
prime video;2
lyssna på historiska händelser i din mobil;2
boka din resapå vrresa.se;2
sträckan gbg-sthlm har blivit grönare;2
sj prio har blivit ännu bättre!;2
köp bläck för 1 krona!;2
inkClub;2
jobbsafari;2
sveriges billigaste matkasse enligt pro;2
lidl;2
smultronglass hjälper lite If... hjälper mycket;2
spela på vinterspelen hos atg;2
störst på sportbetting i sverige;2
ska du flytta för att arbeta inom eu? Dina rättigheter förblir skyddade;1
när foodora är ditt love language;2
vad vill du göra med 3 miljoner?;1
vi har det. Tingstad;2
www.tingstad.se;2
riskanalys. redovisning, revision och lön för dig som tänker nytt;2
boka tid redan idag;2
med fördjupad kunskap inom psykisk ohälsa, kvinnohälsa och barn;2
rehab online via vår app Medtanken!;2
pressbyrån;2
Just nu! Halva priset! På alla fikabröd;2
välkommen till nya oddset. Större utbud, större upplevelse;2
apollo;2
grekland. Just nu från 3998 kr;2
Fastighetsmässan. Köpa hus utomlands;2
Gilla läget!;2
Känslan av att hitta hem;2
Hyresräter utan kö. Bara att flytta in;2
rätt kontor för din verksamhet;2
hitta ditt på balder.se;2
samla gänget sänkt priset;2
Allt ljus på dig!;2
Är du under 23? Spela och sjung i göteborgs konserthus. Läs mer på gso.se;2
film är störst på bio;2
biopremiär 20 februari;2
all rörelse räknas;2
cykelrum;0
nödutgång får ej blockeras;0
betala med appen;0
garage utfart hela dygnet;0
stop;0
trafik från båda håll;0
risk för snöras, istappar;0
pizza 4 you;2
nu öppnar vi i carlanderska;2
aquadental;2
triss plötsligt händer det!;2
Byt diesel! Tanka hvo100-minska utsläppen av växthusgaser med upp till 90% jämfört med fossil diesel;2
tanka billigare här;2
grindgrill11 frasig, varm och god;2
smash burgers;2
lunchbuffe pizza pasta husman sallad välkommen in;2
circleK;2
medlemsklipp!;2
alltid som medlem;2
2 för 49:-;2
drop in;2
direkten;2
postnord;2
svenska spel;2
clas ohlson;2
vi har abonemang för alla!;2
elgiganten;2
ropen skalla, lågpris till alla.;2
rösta på willys.se var du vill ha ett willys;2
kampen för billigare mat fortsätter.;2
veckans kampanjpris!;2
20:-/st;2
10:-/st;2
99:-/st;2
2 för 15:-;2
hemköp;2
aleris specialklinik göteborg specialister inom ortopedi och plastikkirurgi;2
vårens biljetter ute nu!;2
student? Kom in och ladda upp!;2
meal deal 69 kr;2
fello;2
halva priset i 6 månader!;2
spara 35% på färgserien living';2
spara 30% på färgserien lady;2
spara 20% på måleritillbehör;2
rea 40% på alla glas;2
7-eleven;2
korv! Korv! Korv!;2
korvklassiker 20:-;2
drink of the month 39 kr;2
nordic wellness;2
hela sveriges träningsklubb;2
21 augusti frihamnen arena göteborg;2
biljett via livenation.se;2
kålltorp;0
bergsjön;0
ryobi batteridriven snöröjning;2
kom in och släck törsten!;2
prisgaranti;2
hyr glasögon fr. 99 kr/mån;2
glasögon fr 900kr;2
bli medlem 25% seniorrabatt på allt;2
Bride! Bioprämiär 6 mars;2
men du märker när det tänds.;2
du ser inte hopp;2
come thrift with us;2
Monday-Friday 11-16;2
Saturday 11-16;2
erikshjälpen second hand;2
mer papper för mindre lappar!;2
Ge efter för frestelsen;2
klubbpris 30% på matförvaring;2
bok rea;2
adlibris;2
apoteket;2
köp 2 få 25%;2
letsdeal.se;2
rabatter på restauranger, skönhet och hälsa i göteborg!;2
rabatter på spa, resor och hotell;2
12 juni, 2026 scandinavium göteborg biljetter: livenation.se;2
mer sidor för mindre sedlar!;2
sahlgrenska huvudentre;0
6 länsmansgården;0
7 tynnered;0
8 frölunda;0
63 linneplatsen;0
64 högsbohöjd;0
285 skintebo;0
757 linneplatsen;0
ersättning för spårvagn;0
p-hus;0
100m;0
last-plats;0
0-35m;0
folktandvården universitetsklinikerna;0
odontologen - huvudentre;0
medicinaregatan 12b;0
sahlgrenska science park;0
huvudentre medicinaregatan 8a;0
hungrig? Välkommen till bistro science!;2
besöks-p;0
tillstånd erfodras;0
vidblicksgatan;0
60 redbergsplatsen;0
västtrafik;0
mötesplats 2734 flexlinjen;0
den perfekta duon.;2
Nyhet;2
aschenbergs-gatan 44;0
erik dahbergsgatan;0
kapellplatsen;0
s/s 2026 collection;2
p-automat;0
gäller ej buss;0
7 bergsjön;0
3 kålltorp;0
10 lindholmen;0
753 heden;0
64 heden;0
mat i boxen. El i tanken.;2
låt mat-butiken komma till dig;2
max 30 km/tim;0
Vi söker förskolelärare i göteborg;1
spårvagnslinjer;0
nödöppnare;0
emergency opening;0
vagnsnummer;0
Bäste hornbach-kund. Efterlysning!;2
Hornbach det finns alltid något att göra;2
Swipea på grannen? Sov på saken.;2
biljettköp framme hos föraren ändras;0
vad är en gå-på-fram-buss?;0
lindex comfort looks good on you;2
yrkesutbildning som leder till jobb;1
vvs-granne hjälper lite if… hjälper mycket;2
lager-rensning upp till 70% rabatt;2
tulip pizza-topping;2
parkering göteborg;0
västia parkering;0
en riktigt bra affär.;2
låga priser varje dag;2
intag brandvatten;0
anslutning vattenförsörjning trycksatt stigarledning maxtryck 7 bar;0
stigarledning;0
framtiden börjar i förskokolan;1
smaka nu!;2
mpab 031-87 45 79;0
lantbruksgatan 23a+b;0
mölndals parkerings ab;0
gott på alla vis;2
klubbpris!;2
35:-/st;2
20:-/st;2
avgift;0
parkera med oss;0
parkster;0
förhyrda platsere;0
utanför markerad platas;0
europark;0
låt karin laga påskbordet*;2
karins påsklasagne;2
*innehåller spår av aprilskämt;2
mmm… glass;2
meliva rehab fredriksdal;2
öppet alla helgfria vardagar;2
nödöppning dörrar vid brand;0
brandlarm;0
ny säsong 16/4 på tv4play;2
förrädarna låt spelet börja!;2
Spårvagnstrafik;0
improv comedy club;2
Lämna företräde för buss;0
bättre säng, bättre sömn!;2
upp till 50% på sängar;2
mio;2
blocket;2
de flesta bilar säljs inom 5 dagar.;2
sälj bilen nu när högsäsongen drar igång!;2
crazy days! Its crazy low!;2
se deals power.se;2
klänning 499:-;2
veckans ost 150 :-/kg;2
0-14m;0
läge för en bra hemförsäkring?;2
LF bank|pension|försäkring|fastighetsförmedling;2
länsförsäkringar.se;2
vakt;0
AL-ställningar;2
bricks & lime;2
TBE går att förebygga men inte betala;1
vaccin direkt sveriges ledande vaccinatör;1
easypark;0
Ragn sells;2
en del av kretsloppet;2
vidblicks-gatan 2-10;0
gibraltar-gatan 14-22;0
öppettider:;2
Baguetteria;2
baguetter * panini * sallader;2
ålandsgatan;0
61 masthugget;0
Det går inga avgångar härifrån den närmaste timmen;0
quiznight music- & moviequiz foxes pubquiz;2
go audio rental;2
rökning förbjuden enligt lag;0
gäller ej buss och cykel;0
parkgatan;0
www.rawcomedyclub.se;2
27 mar | 25 april;2
kungsportsplatsen;0
18 Backa;0
Klarna tillgängligt här;2
trygg i centrum;0
laga dina grejer här.;2
området är kameraövervakat;0
toalett;0
grönsakstorget;0
BK3;0
400m;0
gäller kungsportsbron;0
Välkommen till chalmers;0
taxi-plats;0
2 platser;0
parkerings-automat;0
krokodiltårar hjälper lite if… hjälper mycket;2
här får du inte rasta hunden!;0
frölunda torg 60 år!;2
flyttsupport;2
bäddat för skön sömn.;2
dr Forselius Gata;0
20% protein 100% hårt;2
drömmen om att bo nära stan närmare naturen;2
Så reser du i ABC;0
Södermalmsgatan;0
25 balltorp;0
25 mölndal resecentrum;0
63 heden;0
757 Mölndal resecentrum;0
vi komprimerar skräpet med hjälp av solenergi för en hållbar framtid;0
mölndal stad;0
Välkommen in!;2
restavfall;0
plastförpackningar;0
pappersförpackningar;0
glasförpackningar;0
Mölndals innerstad jubileumsåret 2026;2
Hemköp;2
Veckans bästa klubbpriser!;2
stor ikon till ett litet pris;2
bigmac & co 79 kr;2
Ring om det är något;2
telenor;2
konst och life science;2
missa inte succé-utställningen världens spel a world of games;2
sista chansen 10 maj!;2
Fri entré för unga & barn;2
booli! Räcker;2
en mäklare med flest sålda bostäder är det svårt att släppa taget om.;2
fastighetsbyrån;2
slipp tippen! Någon annan kör;2
appen för snabb hjälp med återvinning;2
tiptapp;2
gatuarbete;0
23 mars - 24 april;0
rastning förbjuden;0
miljörum;0
legendarisk elbutik sedan 1977;2
hundar får ej vistas inom lekplatsen;0
för allas trevnad, rasta inga hundar här;0
garage infart hela dygnet;0
all rökning förbjuden;0
Butikerna på lilla klädpressaregatan har öppet precis som vanligt. Välkommen!;1
Always nice price;2
din sko;2
kom in och fira med oss;2
alla dagar 0-4;0
gäller ej buss i linjetrafik;0
Mer plats att leka När små lösningar ger mer;1
läs om hur staden utvecklas steg för steg;1
en hållbar stad med mer plats för livet;1
ledig lokal;2
"det kan kännas tungt att ersätta sportbilen med en ""praktisk"" familjebil";2
men lätt att sälja bilen på blocket;2
mer plats att stanna upp När små lösningar blir stora;1
klassisk kuriosa: Raka rör i blåsarfamiljen;2
Familjekonsert: bråkiga Bellman;2
läs mer och boka biljetter på gso.se;2
goran kajfes: subtropic arkestra;2
NR 1 inom invisalign i sverige;2
kostnadsfri konsultation;2
smile2impress.com;2
det e lunch!;2
alltid bowls 109:-;2
alltid wraps 82:-;2
välkommen till lavette, södra vägens kvarters-brasserie;2
Mercado mexico;2
tacos & margatitas;2
30 år av kaffe;2
asiatisk happy fusion perfekt för sharing;2
beach friendly comfort since 1954;2
Grattis göteborg! Nu har vi öppet till 03:00;2
Få fler ögon på din annons.;2
after work fredagar 16-21;2
shoping lunch lör och sön 12-16;2
helgmys till vardagspriser.;2
äh, nu tar vi helg!;2
you dream it. We craft it.;2
mer plats att träffas när nya stadsmiljöer växer fram;1
we brought underwear expertise to the beach;2
redo för en minipaus?;2
What do i wear to distract the competition;2
din bostadsresa börjar här;2
boplatsväst;2
om en ska äta alla ska äta;2
10% på ditt första köp i butik som ny medlem;2
Det här är inte sopor;1
bananskal blir gödsel, plast blir leksaker och metall blir cyklar. Att sortera är början på något nytt;1
fler träd rotar sig i centrala Göteborg!;1
Design på liv och död;2
vårfest lördag 25 april kl. 11-15;2
tillsammans mot cancer;1
Ett smartare val Repairhouse;2
laga din telefon eller surfplatta;2
Markiser;2
www.pg-markis.se;2
lokaler uthyres ring 070 206 3300;2
en mäklare som kan dina kvarter är det svårt att släppa taget om;2
Golden boys;2
ny serie inspirerad av trustorhärvan;2
K-beauty: effekt och eufori;2
mer korv för mindre ören!;2
marry me' chicken;2
we need to talk' chicken;2
solsken hjälper lite if… hjälper mycket.;2
willy:s hemma alla dagar till 23;2
